Authors,Author(s) ID,Title,Year,Source title,Volume,Issue,Art. No.,Page start,Page end,Page count,Cited by,DOI,Link,Affiliations,Authors with affiliations,Abstract,Author Keywords,Index Keywords,References,Correspondence Address,Editors,Publisher,ISSN,ISBN,CODEN,PubMed ID,Language of Original Document,Abbreviated Source Title,Document Type,Publication Stage,Open Access,Source,EID
전철(한신대학교),ART002423758,종교와 과학의 거울로서의 생태문명,201812,신학연구,,,,,,등재,,55(2),pp.7~28,,,,생태; 생태문명; 생태학적 사유; 생태적 전환; 종교와 과학; 신학과 과학; 포스트휴먼,,10.46334/TS.2018.12.73.7,,,,,,,,,,,,,,
김상근(연세대학교),ART001495242,도킨스의 과학적 환원주의에 대한 선교신학적 대응,201011,선교신학,,,,,,등재,,25(25),pp.145~172,,,,Richard Dawkins; The God Delusion; Scientific Reductionism; Mechanical Understanding of Human Being; Religion and Science; Proofs of God’s Existence,,,,,,,,,,,,,,,,
전철(한신대학교),ART002668822,계시와 인식의 생태적 관계론 연구 ― 그레고리 베이트슨의 마음의 생태학을 중심으로,202012,신학연구,,,,,,등재,,57(2),pp.31~55,,,,계시 (Revelation); 생태적 인식론(Ecological Epistemology); 자연의 신학(Theology of Nature); 그레고리 베이트슨(Gregory Bateson); 종교와 과학(Religion and Science); 포스트휴먼(Post-Human),,10.46334/TS.2020.12.77.31,,,,,,,,,,,,,,
전철(한신대학교),ART001833968,그레고리 베이트슨의 성스러움의 인식론 연구 ― 그레고리 베이트슨의 마음이론을 중심으로,201312,신학연구,,,,,,등재후보,,50(2),pp.155~185,,,,그레고리 베이트슨(Gregory Bateson); 마음과 자연(Mind and Nature); 성스러움의 인식론(Epistemology of the Sacred); 자연의 신학(Theology of Nature); 종교와 과학(Religion and Science),,,,,,,,,,,,,,,,
강원돈(한신대학교),ART001401992,교의학과 인문·사회과학에 대한 관계를 중심으로 살펴본 한국기독교사회윤리학의 학문적 위치,200912,기독교사회윤리,,,,,,등재,,-18,pp.39~76,,,,critique of ideology; discourse; dogmatics; institution; human sciences; responsibility; social ethics; social-scientific analysis of reality,,,,,,,,,,,,,,,,
김태연(숭실대학교),ART002477201,슐라이어마허 『종교론』의 수용사적 의미,201906,신학연구,,,,,,등재,,56(1),pp.65~94,,,,슐라이어마허(Schleiermacher); 종교(Religion); 종교개념(Concept of Religion); 현대 신학(Modern Theology); 종교학(Religious Studies); 일반 종교사(General Religious History); 과학(Science); 낭만주의(Romanticism); 계몽주의(Enlightenment),,10.46334/TS.2019.06.74.65,,,,,,,,,,,,,,
손신(아세아연합신학대학교),ART002155408,The point of contact between theology and social science ―Developing scales for an upright church,201510,ACTS 신학저널,,,,,,미등재,,25(),pp.123~161,,,,Definition of Church from Sociological Perspective; the Beginning of Church; Developing a Scale for Upright Church; Scale as a Product of Social Science; Sharing of Scale and Self-reflection; Ministers and Social Science; the Intersection Bet; Theology and Sociology,,http://dx.doi.org/10.19114/atj.25.4,,,,,,,,,,,,,,
정대경(명지대학교),ART002270274,Evolutionary Propensity Toward the Complexification and Diversification of Life and Its Theological Implication,201709,한국조직신학논총,,,,,,등재,,-48,pp.269~303,,,,Evolution; Theology and Science; Life; Propensity; Creation,,,,,,,,,,,,,,,,
전철(한신대학교),ART001438068,칼 구스타프 융의 동시성 개념 연구-융의 동시성 개념과 시공간의 문제의 과학신학적 함의,201004,한국기독교신학논총,,,,,,등재,,-68,pp.167~189,,,,Carl Gustav Jung; synchronicity; theory of time-space; theology of nature; science and theology,,,,,,,,,,,,,,,,
김태연(숭실대학교),ART002913707,"일제 강점기 한 기독인 과학자의 과학관과 종교관 ― 조응천(曺應天, 1895-1979)의 경우",202212,신학사상,,,,,,등재,,-199,pp.175~206,,,,종교와 과학; 농민생활; 조응천; 기독인 과학자; 조선적 과학; 과학적 조선,,,,,,,,,,,,,,,,
김정형(장로회신학대학교),ART002481838,과학적 무신론의 도전과 창조론의 미래,201906,선교와신학,,,,,,등재,,-48,pp.111~141,,,,신학과 과학; 과학적 무신론; 창조과학; 창조론,,10.17778/MAT.2019.06.48.111,,,,,,,,,,,,,,
이성호(명지전문대학교),ART002368434,"The Challenge of Mechanistic Biology and Reactions of Theology: Sociobiology, Evolutionary Psychology, and Critical Responses of Theistic Evolution",201807,한국기독교신학논총,,,,,,등재,,-109,pp.107~133,,,,dialogue of theology and science; mechanism; sociobiology; evolutionary psychology; theistic evolution,,https://doi.org/10.18708/kjcs.2018.07.109.1.107,,,,,,,,,,,,,,
강원돈(한신대학교),ART001904368,과학주의에 대한 신학적·윤리적 비판,201408,기독교사회윤리,,,,,,등재,,-29,pp.107~140,,,,과학과 신학; 과학주의; 이데올로기; 통섭; 통합과학; 학문이론,http://csethics.scholarweb.kr/ad/mgmt/itemDetail.do,,,,,,,,,,,,,,,
정대경(숭실대학교),ART002698994,"종교의 기원에 관한 과학적 연구 － 마이클 아빕과 매리 헤세, 월터 버커트, 어거스틴 푸엔테스의 기포드 강연들을 중심으로",202103,대학과 선교,,,,,,등재,,-47,pp.189~237,,,,종교와 과학; 신학과 과학; 과학신학; 기포드 강연; 종교의 기원,,10.22737/U&M.2021.47.189,,,,,,,,,,,,,,
정대경(숭실대학교),ART002817191,신학과 과학 학제 간 연구 최신 동향과 실태 연구,202202,선교와신학,,,,,,등재,,-56,pp.423~463,,,,신학과 과학; 종교와 과학; 과학신학; 문화신학; 학제 간 연구,,,,,,,,,,,,,,,,
이주형(명지대학교),ART002128420,Christian Discernment through the Neuroscientific Lens: Within Jonathan Edwards’ Religious Affection,201607,한국기독교신학논총,,,,,,등재,,-101,pp.201~225,,,,Korean protestant spirituality; christian discernment; emotion and affection; neuroscience; Jonathan Edwards,,http://dx.doi.org/10.18708/kjcs.2016.07.101.1.201,,,,,,,,,,,,,,
이주형(숭실대학교),ART002297940,Grace in the Divine Milieu: Re-appreciation of Divine Initiatives in Nature,201712,대학과 선교,,,,,,등재,,-35,pp.361~390,,,,Grace; Nature; Reformed Christianity; Neuroscience; Spiritual Formation; Aesthetic Experience,,,,,,,,,,,,,,,,
이상성(연세대학교),ART000972266,특이점 정리에 나타나는 은유의 여성신학 및 민중신학과의 접목,200509,신학사상,,,,,,등재,,-130,pp.111~142,,,,신학; 과학; 여성신학; 민중신학; 과학과 신학,,,,,,,,,,,,,,,,
이창호(장로회신학대학교),ART002364797,과학기술에 관한 윤리적 규범 모색을 위한 철학적 사회학적 신학적 관점에서의 융합적 연구: 엘륄(Jacques Ellul)의 기술 이해에 대한 비판적 성찰과 트랜스휴머니즘에 대한 적용을 중심으로,201806,선교와신학,,,,,,등재,,-45,pp.331~379,,,,과학기술; 과학과 종교; 과학기술사회학; 트랜스휴머니즘; 자끄 엘륄; 기독교윤리,,10.17778/MAT.2018.6.45.331,,,,,,,,,,,,,,
현요한(장로회신학대학교),ART001415461,현대과학의 신학적 인간 이해에 대한 도전,200712,한국조직신학논총,,,,,,미등재,,-19,pp.51~80,,,,사회생물학; 신경과학; 생명과학; 인간 이해,,10.21650/ksst..19.200712.51,,,,,,,,,,,,,,
김태연(이화여자대학교),ART002061338,"파울 카루스의 '과학종교' 연구 ― 19세기에 나타난 ""종교의 과학화""",201512,신학연구,,,,,,등재,,52(2),pp.413~442,,,,파울 카루스; 종교와 과학; 과학종교; 일원론; 에른스트 헤켈,,,,,,,,,,,,,,,,
김선권(한남대학교),ART002765468,칼뱅과 자연과학 ― 자연과학은 하나님의 창조 비밀을 더 깊게 들여다보게 한다,202110,한국기독교신학논총,,,,,,등재,,-122,pp.121~154,,,,자연과학; 계시; 일반 은혜; 정상과학; 천문학,,https://doi.org/10.18708/kjcs.2021.10.122.1.121,,,,,,,,,,,,,,
박광현(효암고등학교),ART002880355,한국창조과학회의 창조과학교육 분석,202209,갱신과 부흥,,,,,,등재,,-30,pp.327~364,,,,한국창조과학회; 창조; 과학; 교육; 진화; 창조신앙,,,,,,,,,,,,,,,,
이용주(장로회신학대학교),ART001464555,자연과학과 신학의 대화에 대한 신학적 비판적 접근-폴킹혼의 비판적 실재론을 중심으로,201007,한국기독교신학논총,,,,,,등재,,-70,pp.157~185,,,,Dialog zwischen Naturwissenschaft und Theologie; Polkinghorne; Kritischer Realismus; Methodik von unten; Anselm; Trinitarische Schöpfungslehre.,,,,,,,,,,,,,,,,
전철(한신대학교),ART002700218,인공지능과 인간지능 ― 지능에 관한 인지과학과 신학의 대화,202103,신학사상,이경민(서울대학교),,,,,등재,,-192,pp.229~253,,,,인공지능; 인간지능; 지능; 뇌; 포스트휴먼; 인간 중심주의; 인간 우월주의; 뇌과학; 인지과학; 신경과학; 학제간 연구; 신학과 과학,,,,,,,,,,,,,,,,
김정형(장로회신학대학교),ART002394923,과학 시대의 도전과 기독교교육의 과제,201810,한국기독교신학논총,,,,,,등재,,-110,pp.323~352,,,,과학 시대; 기독교교육; 무신론; 신학과 과학; 창조론,,https://doi.org/10.18708/kjcs.2018.10.110.1.323,,,,,,,,,,,,,,
현우식(호서대학교),ART001831644,코페르니쿠스의 과학 신학,201312,한국조직신학논총,,,,,,등재,,-37,pp.103~140,,,,코페르니쿠스; 과학 혁명; 수학적 모델; 과학 신학; 인간 우주 원리,http://ksst.kr/original,,,,,,,,,,,,,,,
천사무엘(한남대학교),ART001244631,칼빈의 성서해석과 자연과학,200612,대학과 선교,,,,,,등재후보,,-11,pp.241~265,,,,칼빈; 자연과학; 성서해석; 종교개혁; 코페르니쿠스; 과학; 종교,,,,,,,,,,,,,,,,
홍성욱(서울대학교),ART002423808,과학기술학(STS)의 관점에서 본 종교와 과학,201812,신학연구,전철(한신대학교),,,,,등재,,55(2),pp.29~53,,,,과학기술학(STS); 과학과 종교; 간학문적 연구; 사실과 가치; 사회담론; 과학자; 신앙; 포스트휴먼,,10.46334/TS.2018.12.73.29,,,,,,,,,,,,,,
이성호(명지대학교),ART002331434,The Solidarity of Human Ecology and Ecological Theology for Our Ecological Crisis,201803,한국조직신학논총,,,,,,등재,,-50,pp.133~160,,,,Ecological Crisis; Human Ecology; Ecological Theology; Dialogue between Science and Theology; Ethical Overlap; Human-Ecosystem Interaction,,10.21650/ksst..50.201803.133,,,,,,,,,,,,,,
옥장흠(한신대학교),ART001714605,통전적 기독교교육 모형에 관한 연구,201211,기독교교육 논총,,,,,,등재,,-32,pp.37~69,,,,통전성; 기계론적 과학주의; 신과학운동; 유기체적 세계관,,,,,,,,,,,,,,,,
장회익(서울대학교),ART001885887,종교와 과학의 대화 ― 동아시아 문명의 맥락에서,201406,신학연구,,,,,,등재,,51(1),pp.58~81,,,,근원적 물음; 종교의; 종교와 과학의 분리; 종교와 과학의 대화; 동아시아 문명,,,,,,,,,,,,,,,,
임준섭(삼광교회),ART002368279,죽산 박형룡의 과학관에 근거한현대 과학주의 비평과 종합,201806,개혁논총,,,,,,등재후보,,46(),pp.223~250,,,,과학주의; 박형룡 박사; 개혁신학; 과학관; 기독교 세계관,,,,,,,,,,,,,,,,
이용주(숭실대학교),ART001806446,자유란 무엇인가? : 현대 철학 및 신경과학의 자유개념에 대한 신학적 비판과 제언,201309,한국조직신학논총,,,,,,등재,,-36,pp.179~213,,,,자유의지; 신경과학; 뇌과학; 어거스틴; 피규정적 자기규정,http://ksst.kr/original,,,,,,,,,,,,,,,
전철(한신대학교),ART002913702,종교와 과학의 메타모포시스 ― 20세기 한국 기독교의 과학문명 해석과 그 변형,202212,신학사상,,,,,,등재,,-199,pp.105~124,,,,한국 기독교; 근대문화; 형태변화; 과학문명; 종교와 과학; 학제간 연구,,,,,,,,,,,,,,,,
주연수(부산장신대학교),ART001944971,정서의 인지이론과 기독교적 정서 형성 교육,201412,기독교교육 논총,,,,,,등재,,-40,pp.351~385,,,,인지신경과학; 뇌 과학; 정서 형성 교육; 정서 인지 이론; 해석; 가치체계,,,,,,,,,,,,,,,,
이한영(감리교신학대학교),ART002824096,"윌리엄 뎀스키의 ‘지적 설계’ 개념 비평 ― 불확정성, 복잡성, 특정성을 중심으로",202203,신학사상,,,,,,등재,,-196,pp.193~234,,,,과학신학; 종교와 과학의 대화; 윌리엄 뎀스키; 지적 설계; 불확정성; 복잡성; 특정성,,,,,,,,,,,,,,,,
김광건(서울장신대학교),ART002165049,기독교 리더십의 학제간 연구에 대한 고찰,201611,복음과 실천신학,,,,,,등재,,41(),pp.9~38,,,,리더십; 학제간; 과학; 창발성; 복잡계,,,,,,,,,,,,,,,,
조덕영(창조신학연구소),ART002018515,변증가로서의 아더 피어선,201302,피어선신학논단,,,,,,미등재,,2(1),pp.107~128,,,,피어선; 변증; 과학; 그리스도,http://ibooks.ptu.ac.kr/Viewer/F6GLDFW7FDIV,,,,,,,,,,,,,,,
박형국(한일장신대학교),ART002913705,폴킹혼과 맥그래스의 자연신학에 대한 소고 — <기포드 강연>을 중심으로,202212,신학사상,,,,,,등재,,-199,pp.149~174,,,,존 폴킹혼; 앨리스터 맥그래스; 기포드 강연; 자연신학; 과학주의(또는 과학적 환원주의),,,,,,,,,,,,,,,,
김광건(서울장신대학교),ART001900582,리더십의 분산 현상과 그 배경에 대한 고찰,201408,복음과 실천신학,,,,,,등재,,32(),pp.41~71,,,,리더십; 창발성; 카오스; 분산; 자연과학,,,,,,,,,,,,,,,,
윤철호(장로회신학대학교),ART001864265,창발론적 인간 이해–필립 클레이턴을 중심으로,201403,장신논단,,,,,,등재,,46(1),pp.91~119,,,,인간; 창발; 정신; 인격; 과학,,,,,,,,,,,,,,,,
우병훈(고신대학교),ART002608157,자연과학에 대한 루터와 칼빈의 견해,202006,개혁논총,,,,,,등재후보,,52(),pp.193~226,,,,루터; 칼빈; 자연; 자연과학; 코페르니쿠스,,,,,,,,,,,,,,,,
김은혜(장로회신학대학교),ART001456424,생명과학연구윤리의 재정립을 제안하며: 기독교생명윤리학적 관점에서,201006,기독교사회윤리,,,,,,등재,,-19,pp.39~69,,,,생명과학연구윤리; 기독교생명윤리; 종교와 과학의 협력; 기독교학문공동체의 책임,,,,,,,,,,,,,,,,
이창호(장로회신학대학교),ART002786983,유발 하라리의 인간종의 진보론에 관한 신학적 윤리적 비평‐몰트만과 슈바이커를 중심으로,202112,장신논단,,,,,,등재,,53(5),pp.179~213,,,,인간종의 진보; 과학기술; 과학과 신학; 유발 하라리; 위르겐 몰트만; 윌리엄 슈바이커; 기독교윤리,,10.15757/kpjt.2021.53.5.007,,,,,,,,,,,,,,
김은수(한국연구재단),ART002740126,알리스터 맥그래스의 ‘과학신학’에 대한 분석적 연구: 유형론적 특징과 방법론적 기획을 중심으로,202106,영산신학저널,,,,,,등재,,56(),pp.7~58,,,,알리스터 맥그래스; 과학과 신학; 과학신학; 자연신학; 공명이론; 전통에 매개된 합리성; 비판적 실재론,https://doi.org/10.18804/jyt.2021.6.56.7,,,,,,,,,,,,,,,
유정모(횃불트리니티신학대학원대학교),ART002547244,근대과학혁명시대의 기계론적 철학에서 아리스토텔레스 형이상학의 위치에 대한 연구: 윌리엄 더햄(1657–1735)의 Physico-Theology와 Astro-Theology를 중심으로,201912,역사신학논총,,,,,,등재후보,,35(),pp.77~119,,,,근대과학혁명; 과학; 기독교; 기계론적 철학; 아리스토텔레스; 목적인; 섭리; 윌리엄 더햄; 설계논증; 신존재증명,,http://dx.doi.org/10.26427/JHT.35.3,,,,,,,,,,,,,,
정우홍(총신대학교),ART002403903,인지 과학을 통한 장기기억에 남는 설교 연구,201811,복음과 실천신학,,,,,,등재,,49(),pp.113~149,,,,인지과학; 기억; 예수님의 비유; 설교; 내러티브.,,,,,,,,,,,,,,,,
한재동(나사렛대학교),ART002688157,치유주의 확산에 대한 실천신학적 비판과 대응방향: 심리치료의 수사적 속성과 교회의 전략적 대처,202102,신학과 실천,,,,,,등재,,-73,pp.339~379,,,,치유; 심리; 상담; 대중문화; 과학철학,,http://dx.doi.org/10.14387/jkspth.2021.73.339,,,,,,,,,,,,,,
박찬호(백석대학교),ART001415212,자연과학과 신학의 관계에 대한 맥그라스의 견해-도킨스의 무신론적 진화론에 대한 비판을 중심으로,201001,한국기독교신학논총,,,,,,등재,,-67,pp.223~246,,,,자연과학; 신학; 창조론; 진화론; 지적 설계,,,,,,,,,,,,,,,,
김성원(서울신학대학교),ART001451455,화이트헤드 철학에 비춰본 성령 하나님의 사역,201006,한국조직신학논총,,,,,,등재후보,,-26,pp.163~191,,,,화이트헤드; 성령; 신의 감성; 성령론; 근대과학,,,,,,,,,,,,,,,,
김주한(한신대학교),ART001597215,종교개혁과 근대과학의 상관성 존 칼뱅의 ‘적응이론’의 관점에 본 과학이해,201111,한국교회사학회지,,,,,,등재,,-29,pp.103~129,,,,종교와 과학; 존 칼뱅; 코페르니쿠스; 적응이론,,,,,,,,,,,,,,,,
최윤배(장로회신학대학교),ART001451448,깔뱅의 ‘과학’(science) 이해,201006,한국조직신학논총,,,,,,등재후보,,-26,pp.7~39,,,,깔뱅; 과학; 성서; 자연; 계시; 성령,,,,,,,,,,,,,,,,
박영식(서울신학대학교),ART001883898,창조와 삶의 신학,201406,한국조직신학논총,,,,,,등재,,-38,pp.7~35,,,,창조; 자연과학; 스티븐 호킹; 우주론; 삶의 신학,,,,,,,,,,,,,,,,
김기석(성공회대학교),ART002053195,우주론의 패러다임 전환과 신학적 함축성 연구,201511,신학과 선교,,,,,,등재후보,,-47,pp.55~88,,,,우주론; 과학과 종교; 패러다임 전환; 신학적 함축성,,,,,,,,,,,,,,,,
유경동(감리교신학대학교),ART002100139,뇌 과학에서의 자아와 신학적 자아—어거스틴과 아퀴나스의 자아 이론을 중심으로,201604,한국기독교신학논총,,,,,,등재,,-100,pp.227~252,,,,뇌 과학; 자아; 영혼; 어거스틴; 아퀴나스,,http://dx.doi.org/10.18708/kjcs.2016.04.100.1.227,,,,,,,,,,,,,,
김영수(한신대학교),ART002284515,기독교 영성의 관점에서 본 프로이트 종교론에 대한 비판,201711,신학과 실천,,,,,,등재,,-57,pp.349~370,,,,프로이트; 종교; 기독교 영성; 성숙; 과학과 이성,,,,,,,,,,,,,,,,
이향명(한신대학교),ART001910928,종교적 세계관과 과학적 세계관의 통일로서의 생태담론,201409,신학사상,,,,,,등재,,-166,pp.248~272,,,,종교적 의식; 과학적 의식; 생태적 위기; 생명의 법칙,,,,,,,,,,,,,,,,
김기석(성공회대학교),ART001697296,진화론과 공존 가능한 창조신앙,201209,한국조직신학논총,,,,,,등재,,-33,pp.387~420,,,,진화론; 창조론; 창조신앙; 유신론적 진화론; 과학과 종교의 대화,http://ksst.kr/journal/Journal_33.pdf,,,,,,,,,,,,,,,
정대경(명지대학교),ART002354548,통전적인 실재 이해를 향하여–로버트 J. 러셀의 과학 신학 방법론을 중심으로,201806,장신논단,,,,,,등재,,50(2),pp.145~171,,,,신학과 과학; 방법론; 로버트 러셀; 창조적 상호작용; 인식론,,10.15757/kpjt.2018.50.2.006,,,,,,,,,,,,,,
윤철호(장로회신학대학교),ART001883899,비환원론적 물리주의 인간 이해 ― 낸시 머피를 중심으로,201406,한국조직신학논총,,,,,,등재,,-38,pp.37~78,,,,인간; 비환원론적 물리주의; 정신(영혼); 창발; 과학,,,,,,,,,,,,,,,,
김종우(연세대학교),ART002730548,의료현장에서의 고통에 대한 과학주의적 접근 비판: 신학적 성찰을 통한 통전적 해방을 위하여,202106,신학연구,,,,,,등재,,58(1),pp.111~136,,,,의료현장; 고통; 과학주의; 신학적 성찰; 통전적 해방,,10.46334/TS.2021.06.78.111,,,,,,,,,,,,,,
전철(한신대학교),ART002208818,종교와 과학 담론의 문명사적 함의 - 화이트헤드의 종교와 과학 담론을 중심으로 -,201703,신학논단,,,,,,등재,,87(),pp.295~321,,,,알프레드 노스 화이트헤드; 종교와과학; 과정사상; 문명론; 인식론,,10.17301/tf.2017.87..011,,,,,,,,,,,,,,
박찬호(백석대학교),ART002715053,기독교 창조론과 생태계 위기: 린 화이트의 주장에 대한 세 가지 반론,202104,조직신학연구,,,,,,등재후보,,37(),pp.62~92,,,,생태학; 창조론; 창세기; 자연과학; 중세 신학,,,,,,,,,,,,,,,,
백충현(장로회신학대학교),ART002630491,"종교/신학과 과학과의 풍성한 만남에 기여하는 기포드강좌의 시도들 －바버, 미즐리, 브룩 & 칸토어를 중심으로 ·",202009,대학과 선교,,,,,,등재,,-45,pp.293~316,,,,기포드강좌; 종교와 과학; 자연; 자연신학; 모형,,10.22737/U&M.2020.45.293,,,,,,,,,,,,,,
윤철호(장로회신학대학교),ART002360025,창조와 진화,201806,한국조직신학논총,,,,,,등재,,-51,pp.7~44,,,,창조와 진화; 유신론; 무신론; 창조과학론; 지적설계론,,,,,,,,,,,,,,,,
전철(한신대학교),ART001943955,장공 김재준의 ‘자연의 신학’ 연구,201412,신학연구,,,,,,등재,,51(2),pp.71~94,,,,장공 김재준; 종교와 과학; 실재; 사실; 가치; 자연의 신학,,,,,,,,,,,,,,,,
박은주(경민대학교),ART001844246,누리과정 과학적 탐구영역의 기독교적 교수증진에 관한 연구,201312,기독교교육정보,이찬숙(경민대학교),,,,,등재,,-39,pp.191~211,,,,창의성; 누리과정; 기독교적 교수; 과학적 탐구영역,,,,,,,,,,,,,,,,
현우식(호서대학교),ART001810056,창조 이야기(창1:1-31)의 교육적 컨텐츠,201309,기독교교육정보,,,,,,등재,,-38,pp.149~176,,,,창세기; 창조; 과학적 신학; 성서 교육; 창조 모델,,,,,,,,,,,,,,,,
고원석(장로회신학대학교),ART001835316,성서학습의 어려운 문제로서 예수의 기적－기적에 관한 두 가지 질문에 대한 성서교수학적 해명,201312,기독교교육 논총,,,,,,등재,,-36,pp.115~140,,,,기적; 사실; 성서와 과학; 성서교수학; 성서학습,,,,,,,,,,,,,,,,
박창훈(서울신학대학교),ART001289797,John Wesley의 “자연철학”의 현대적 이해: 환경 그리고 인간,200811,한국교회사학회지,,,,,,등재후보,,-23,pp.39~64,,,,존 웨슬리; 자연철학; 환경; 청지기; 과학과 신학,,,,,,,,,,,,,,,,
배아론(고신대학교),ART002801595,선교학 영역의 연구 방법론 확장을 위한 근거이론의 적용,202112,개혁논총,이현철(고신대학교),,,,,등재후보,,58(),pp.167~196,,,,근거이론; 연구방법론; 선교학; 질적연구; 사회과학,,,,,,,,,,,,,,,,
김성원(나사렛대학교),ART001778022,스튜어트 카우프만(Stuart A. Kauffman)의 창발적 창조성 신론에 관한 분석비평 연구,201306,한국조직신학논총,,,,,,등재,,-35,pp.295~327,,,,스튜어트 카우프만; 창조성 신론; 과학철학적 신론; 창발론; 영적 차원,,,,,,,,,,,,,,,,
주연수(부산장신대학교),ART002064861,기독교적 가치관에 기초한 정서조절과 기독교인성교육,201512,기독교교육 논총,,,,,,등재,,-44,pp.77~115,,,,인성교육; 정서조절; 뇌 과학; 뇌의 유연성; 영적 수련,http://www.kscre.org/core/?page_id=89&uid=701&mod=document,10.17968/jcek.2015..44.004,,,,,,,,,,,,,,
최주혜(감리교신학대학교),ART002468008,나르시시즘(Narcissism)과 사회적 관계,201905,신학과 실천,,,,,,등재,,-64,pp.113~140,,,,나르시시즘; 사회적 관계; 신경과학; 사회적 소외; 공감적 신체 접촉,,http://dx.doi.org/10.14387/jkspth.2019.64.113,,,,,,,,,,,,,,
박성규(장로회신학대학교),ART002509066,창조와 현실 세계 논의에 대한 신학적 성찰 ― 미하엘 벨커를 중심으로,201909,한국조직신학논총,,,,,,등재,,-56,pp.101~149,,,,창조; 제사장문서; 현실 세계; 빅뱅; 근대 자연과학,,,,,,,,,,,,,,,,
이성덕(배재대학교),ART001067761,존 웨슬리와 과학 - 뉴턴에 대한 그의 견해를 중심으로,200707,한국교회사학회지,,,,,,등재후보,,-20,pp.197~220,,,,존 웨슬리와 과학; 이신론; 아이삭 뉴턴; 존 허친슨,,,,,,,,,,,,,,,,
김상엽(백석문화대학교),ART002824510,벤자민 워필드의 성경론 이해 : 과학시대에서의 해석학적 함의를 중심으로,202203,갱신과 부흥,,,,,,등재,,-29,pp.189~218,,,,벤자민 워필드; 성경론; 성경 무오성; 과학; 진화; 해석학,,,,,,,,,,,,,,,,
현상규(백석대하교),ART002778218,기독교상담을 위한 신경과학의 실천적 함의,202111,신학과 실천,,,,,,등재,,-77,pp.377~404,,,,기독교상담; 신경과학; 신경가소성; 치료관계; 영혼돌봄,,10.14387/jkspth.2021.77.377,,,,,,,,,,,,,,
김태연(이화여자대학교),ART002117713,20세기 초 한국 기독교의 생명과 종교 담론: 초기 전영택을 중심으로,201606,신학연구,,,,,,등재,,53(1),pp.258~284,,,,전영택; 근대시기 한국 기독교; 종교; 과학; 생명,,,,,,,,,,,,,,,,
홍순원(협성대학교),ART002065058,인격과 사회구조에 나타나는 악의 연대성,201512,기독교사회윤리,,,,,,등재,,-33,pp.379~405,,,,악; 연대성; 사회구조; 인간 실존; 시대정신; 사회과학,http://csethics.scholarweb.kr/ad/mgmt/itemDetail.do,,,,,,,,,,,,,,,
장재호(명지대학교),ART002360036,존 호트 과학신정론의 발전적 모색 ― 莊子 철학과의 대화를 중심으로,201806,한국조직신학논총,,,,,,등재,,-51,pp.81~122,,,,신학과 과학; 토착화 신학; 비교 종교학; 존 호트; 장자,,,,,,,,,,,,,,,,
임영동(백석문화대학교),ART002496231,기독교 자연신학의 가능성과 현실성 -칼빈의 자연이해를 중심으로-,201908,조직신학연구,,,,,,등재후보,,32(),pp.160~198,,,,칼빈; 브룬너; 바르트; 자연신학; 창조신학; 본성; 과학,http://www.stkets.com/sh_page/page31.php,10.31777/sst.32..201908.005,,,,,,,,,,,,,,
최광현(한세대학교),ART001625640,감사의 과학인 긍정심리학과 영산의 목회 신학,201112,영산신학저널,,,,,,등재후보,,23(),pp.241~259,,,,긍정상담; 긍정심리학; 영산; 긍정신학; 감사의 과학,,,,,,,,,,,,,,,,
유경동(감리교신학대학교),ART001982381,뇌기능과 뇌의식의 문제를 극복하는 윤리적 공동체 연구,201504,한국기독교신학논총,,,,,,등재,,-96,pp.39~66,,,,뇌과학; 뇌기능; 뇌의식; 공동체; 집합기억,,,,,,,,,,,,,,,,
김성원(나사렛대학교),ART001982378,포스트모던 죄론에 관한 연구,201504,한국기독교신학논총,,,,,,등재,,-96,pp.5~38,,,,포스트모던 죄론; 종교와 과학; 종교적 규범론; 포스트모던 윤리론,,,,,,,,,,,,,,,,
박찬호(백석대학교),ART002752620,프란시스 쉐퍼의 성경관과 창조론,202108,조직신학연구,,,,,,등재후보,,38(),pp.182~211,,,,프란시스 쉐퍼; 창조과학; 진화론; 유신론적 진화론; 창세기,,,,,,,,,,,,,,,,
박현덕(숭실대학교),ART001553639,비트겐슈타인의 종교 이해,201105,한국개혁신학,,,,,,등재후보,,30(),pp.216~250,,,,비트겐슈타인; 치유적 활동; 교조주의; 과학주의; 논리실증주의; 종교,,,,,,,,,,,,,,,,
구춘서(한일장신대학교),ART001415247,우리는 이웃을 사랑할 수 있는가?: 이타적 사랑에 대한 자연과학과 그리스도교 신학의 입장 비교,200909,한국조직신학논총,,,,,,등재후보,,-24,pp.149~176,,,,이타주의; 다윈주의; 사회생물학; 대화; 신학과 과학의 조화,,,,,,,,,,,,,,,,
현우식(호서대학교),ART002117708,아우구스티누스의 진화 신학,201606,신학연구,,,,,,등재,,53(1),pp.111~140,,,,아우구스티누스; 창세기 해석; 진화 신학; 씨앗 법칙; 과학신학; 창조,,,,,,,,,,,,,,,,
이신형(전주대학교),ART001708756,하임신학의 적합성,201210,한국기독교신학논총,,,,,,등재,,-83,pp.175~199,,,,하임; 물리신학; 과학적 세계관; 시공간; 초극적 공간,,,,,,,,,,,,,,,,
전진권(명지대학교),ART002636682,도킨스의 종교진화론 비판 — 과학과 종교의 대화를 위하여,202010,한국기독교신학논총,,,,,,등재,,-118,pp.591~619,,,,만들어진 신; 도킨스; 미메틱스; 신무신론; 과학과 종교의 대화,,https://doi.org/10.18708/kjcs.2020.10.118.1.591,,,,,,,,,,,,,,
이효주(목원대학교),ART002886798,목회상담과 신경과학 ― 침묵기도가 가져오는 변화,202210,한국기독교신학논총,,,,,,등재,,-126,pp.295~325,,,,관상적 실천; 신경과학; 신경신학; 상관관계방법; 신경소성,,https://doi.org/10.18708/kjcs.2022.10.126.1.295,,,,,,,,,,,,,,
현우식(호서대학교),ART002032677,구원에 대한 과학신학적 해석,201509,한국조직신학논총,,,,,,등재,,-42,pp.229~258,,,,구원; 창조; 코스모스; 삼위일체; 과학신학; 발연성; 모습,http://ksst.kr/23811,,,,,,,,,,,,,,,
임영동(백석대학교),ART002312702,알리스터 맥그래스의 과학적 신학과 삼위일체 자연신학 - 계시 인식론 중심으로 -,201712,조직신학연구,,,,,,등재후보,,27(),pp.282~307,,,,과학적 신학; 계시; 삼위일체 자연신학; 창조; 타락; 구원,http://www.stkets.com/sh_page/page31.php,10.31777/sst.27..201712.007,,,,,,,,,,,,,,
최주혜(숭실대학교),ART002718786,치매에 대한 사회구성학적 이해를 근거로 한 효과적인 목회적 돌봄에 관한 연구,202105,신학과 실천,,,,,,등재,,-74,pp.533~556,,,,치매; 사회 구성주의; 기독교 공동체; 목회돌봄; 신경 과학,,10.14387/jkspth.2021.74.533,,,,,,,,,,,,,,
김병석(숭실대학교),ART002630265,설교 수사학의 다양성과 과학 철학적 구조에 대응되는 설교양식의 유형론적 패러다임에 대한 연구,202009,신학과 실천,,,,,,등재,,-71,pp.175~200,,,,설교신학; 과학철학; 설교양식; 신설교학; 설교 수사학,,http://dx.doi.org/10.14387/jkspth.2020.71.175,,,,,,,,,,,,,,
최동규(서울신학대학교),ART001802722,교회성장학의 학문적 특성과 실천신학적 평가,201309,신학과 실천,,,,,,등재,,-36,pp.39~64,,,,교회성장학; 실천신학; 통섭성; 사회과학; 교회성장학 방법론,,,,,,,,,,,,,,,,
전철(한신대학교),ART001335515,존 폴킹혼의 active information 연구 -신은 물리적 세계에 어떻게 개입하는가?,200904,한국기독교신학논총,,,,,,등재,,-62,pp.269~290,,,,존 폴킹혼; 능동적 정보; 신의 행위; 위에서부터의 인과론; 과학과 신학,,,,,,,,,,,,,,,,
서현(New Gate College of ACADC Institute),ART002879473,관음증-중독청년의 애착문제의 상담치료 - 프로이트의 리비도론을 중심으로 -,202209,신학과 실천,,,,,,등재,,-81,pp.541~561,,,,관음증-중독의 청년; 과학과 기술; 리비도이론; 심리적 불안; 애착.,,10.14387/jkspth.2022.81.541,,,,,,,,,,,,,,
구미정(숭실대학교),ART001415638,에코페미니즘 시각에서 본 생명공학: 배아줄기세포 연구를 중심으로,200606,한국조직신학논총,,,,,,미등재,,-16,pp.189~220,,,,생태여성주의; 생명윤리; 인간배아줄기세포 연구; 연민의 과학,,,,,,,,,,,,,,,,
김성원(서울신학대학교),ART002299524,제4차 산업혁명과 교회론의 방향,201712,영산신학저널,,,,,,등재,,42(),pp.183~230,,,,제4차 산업혁명; 교회론; 인공지능; 사물 인터넷; 과학과 신학,,http://dx.doi.org/10.18804/jyt.2017.12.42.183,,,,,,,,,,,,,,
이동찬(백석대학교),ART002123390,대학채플의 교육만족도 향상을 위한 중요도-성취도 분석(IPA): 백석대학교 관광학부 채플을 대상으로,201606,선교와신학,최현정(백석대학교),,,,,등재,,-39,pp.241~266,,,,대학채플; 선교; 만족도; 복음화율; 사회과학적 연구; 통계적 연구; IPA,,,,,,,,,,,,,,,,
김애영(한신대학교),ART002117704,"M. 데일리의 여성신학과 D. 해러웨이의 ""사이보그 선언""에 대한 비판적 연구",201606,신학연구,,,,,,등재,,53(1),pp.7~33,,,,여성신학; 기술과학; 메리 데일리; 다나 J. 해러웨이; 사이보그 선언,,,,,,,,,,,,,,,,
곽종운(한세대학교),ART002708909,새관점주의에 대한 비평적 이해와 제언: 과학혁명 구조와 4차원 영성을 중심으로,202103,영산신학저널,신문철(한세대학교),,,,,등재,,55(),pp.167~203,,,,새 관점; 칭의론; 과학혁명 구조; 4차원의 영성; 패러다임,https://doi.org/10.18804/jyt.2021.3.55.167,,,,,,,,,,,,,,,
이관표(한세대학교),ART002756988,"과학시대, ‘신’에 대한 현대 자연신학의 논의 - R. 스윈번과 R. 스태나드의 신 이해 그리고 신정론에 대한 대답들",202109,한국조직신학논총,,,,,,등재,,-64,pp.71~106,,,,자연신학; 과학시대; R. 스윈번; R. 스태나드; 신; 신정론,,,,,,,,,,,,,,,,
김재윤(아세아연합신학대학교),ART002156507,"ACTS신학-신앙운동, 그 공헌과 전망 — ACTS신학-신앙운동에 대한 신학적 고찰과 응답",201507,ACTS 신학저널,,,,,,미등재,,24(),pp.87~119,,,,Acts신학-신앙운동; Acts신학공관; 칼빈; 웨슬리; 과학적 방법론,,http://dx.doi.org/10.19114/atj.24.3,,,,,,,,,,,,,,
윤승태(강남대학교),ART002317404,4차 산업혁명시대의 교회의 역할과 방향,201802,신학과 실천,,,,,,등재,,-58,pp.601~625,,,,4차 산업혁명 시대; 교회; 과학기술; 인공지능; 영성; 리더십,,http://dx.doi.org/10.14387/jkspth.2018.58.601,,,,,,,,,,,,,,
김정준(성공회대학교),ART002388705,제4차 산업혁명과 교육목회의 새 전망: 인공지능을 중심으로,201809,기독교교육 논총,,,,,,등재,,-55,pp.47~88,,,,제4차 산업혁명; 인공지능; 과학기술; 교육목회; 돌봄과 양육,,,,,,,,,,,,,,,,
유경동(감리교신학대학교),ART002600793,포스트 코로나 시대의 신앙과 과학 그리고 라인홀드 니버의 기독교 현실주의,202006,신학사상,,,,,,등재,,-189,pp.111~137,,,,라인홀드 니버; 과학; 신앙; 코로나19; 기독교 현실주의 윤리,,10.35858/sinhak.2020..189.005,,,,,,,,,,,,,,
한상진(총신대학교),ART002406664,종교과학에 대한 볼르노의 새로운 해석학적 고찰,201811,신학과 실천,,,,,,등재,,-62,pp.447~475,,,,Bollnow; 해석학; 진리; 종교과학; 종교철학; 삶; 개방성; 이해지평,,http://dx.doi.org/10.14387/jkspth.2018.62.447,,,,,,,,,,,,,,
김선정(연세대학교),ART001703892,한국신약학 50년의 회고와 전망: 요한문헌 연구,201209,신약논단,,,,,,등재,,19(3),pp.825~857,,,,요한복음서; 연구동향; 역사비평; 문학비평; 사회과학적 비평,,,,,,,,,,,,,,,,
김주한(한신대학교),ART001920795,근대 과학혁명의 형이상학적 토대,201409,한국교회사학회지,,,,,,등재,,-38,pp.153~179,,,,뉴톤; 갈릴레오; 근대과학; 형이상학; 아리스토텔레스; 토마스 아퀴나스; 데카르트; 기계론,,,,,,,,,,,,,,,,
김태연(이화여자대학교),ART001998147,종교와 과학 담론으로 바라본 융의 분석심리학,201506,신학사상,,,,,,등재,,-169,pp.239~268,,,,칼 구스타프 융; 빌헬름 분트; 지그문트 프로이트; 종교와 과학; 신학과 심리학,,,,,,,,,,,,,,,,
정기철(호남신학대학교),ART001363855,도킨스의 무신론에 대한 신학 변증,200907,한국기독교신학논총,,,,,,등재,,-64,pp.143~164,,,,도킨스의 과학 무신론; 본회퍼의 고난의 신; 안셀무스의 성육신; 리쾨르의 로고스,,,,,,,,,,,,,,,,
전철(한신대학교),ART002300284,자연의 신학과 자연의 과학,201712,신학연구,,,,,,등재,,54(2),pp.155~179,,,,자연의 신학; 신학과 과학; 창조; 진화; 자연; 종말; 인간과 자연의 미래; 포스트휴먼,,10.46334/TS.2017.12.71.155,,,,,,,,,,,,,,
박종균(부산장신대학교),ART001622264,도킨스의 과학적 무신론에 대한 유신론적 한 답변,201112,기독교사회윤리,,,,,,등재,,-22,pp.103~133,,,,과학적 무신론; 환원 불가능한 복잡성; 설계 논증; 도킨스; 맥그라스; 스윈번,,,,,,,,,,,,,,,,
김성원(나사렛대학교),ART001936881,“체화된 종교성”에 관한 연구,201412,한국조직신학논총,,,,,,등재,,-40,pp.87~127,,,,체화된 종교성; 체화된 마음; 메타신학; 포스트-이원론적 종교성; 인지과학과 종교,,,,,,,,,,,,,,,,
주의돈(서울대학교),ART002796965,죄는 유전되는가?: 진화와 원죄에 대한 프레드릭 테넌트의 논의,202112,한국교회사학회지,,,,,,등재,,-60,pp.161~200,,,,프레드릭 테넌트; 『죄의 기원과 전파』; 원죄; 진화론; 죄의 기원; 지식의진보; 과학과 종교,,https://doi.org/10.22254/kchs.2021.60.06,,,,,,,,,,,,,,
유경동(감리교신학대학교),ART002273778,집합 기억과 기독교 윤리,201710,한국기독교신학논총,,,,,,등재,,-106,pp.205~230,,,,뇌 과학; 집합 기억; 기억의 정의; 기독교 공동체; 기독교 윤리,,http://dx.doi.org/10.18708/kjcs.2017.10.106.1.205,,,,,,,,,,,,,,
이대성(연세대학교),ART001672399,공학윤리 교육의 확대에 따른 기독교 종합 대학의 과제,201206,기독교사회윤리,,,,,,등재,,-23,pp.221~245,,,,공학윤리; 공학교육인증제; 교양교육; 기독교대학; 과학과 종교,http://csethics.web.riss4u.net/cgi-bin/hspm00010.cgi?00079,http://dx.doi.org/,,,,,,,,,,,,,,
김정형(장로회신학대학교),ART001935380,무신론적 진화론에 대한 기독교신학의 이중적 응답,201412,신학사상,,,,,,등재,,-167,pp.116~144,,,,기독교신학; 무신론적 진화; 유신론적 진화; 종교와 과학; 진화생물학,,,,,,,,,,,,,,,,
최재락(서울신학대학교),ART001070400,교회 여성의 종교적 정신병리에 대한 고찰,200705,한국기독교상담학회지,,,,,,등재후보,,13(),pp.212~234,,,,교회 여성; 자기부정; 종교적 편견; 이지화; 광신주의; 과학적 사고; 추상적 사고,,,,,,,,,,,,,,,,
조성철(한국해양대학교),ART002763816,선교 효과 극대화를 위한 선교사 배치 모형,202109,복음과 선교,,,,,,등재,,55(3),pp.365~389,,,,선교사; 선교지; 선교사 배치 모형; 선교효과; 비즈니스 선교; 경영과학,,,,,,,,,,,,,,,,
정상원(서울사이버대학교),ART001604613,교회의 선교적 디아코니아 효율성 제고를 위한 사회과학적 분석: 교회의 사회봉사모집관리(recruitment management) 에 따른 조절효과를 중심으로,201111,선교신학,김상근(연세대학교),,,,,등재,,28(28),pp.235~261,,,,디아코니아; 종교성; 교회출석; 사회봉사모집관리;사회과학적 접근; 회중 목회,,,,,,,,,,,,,,,,
조현진(한국성서대학교),ART002544353,조나단 에드워즈 신학의 계몽주의와 과학의 수용성 연구 : 관계적 존재론을 중심으로,201912,ACTS 신학저널,,,,,,등재,,42(),pp.53~81,,,,조나단 에드워즈; 관계적 존재론; 계몽주의; 과학; 개혁주의; 청교도; 세계관,,10.19114/atj.42.2,,,,,,,,,,,,,,
서정민(연세대학교),ART000971072,양주삼의 생명과 자연 이해,200509,한국기독교와 역사,,,,,,등재,,-23,pp.47~72,,,,생명; 자연이해; 과학에 대한 견해; 자연 개간론; 진화론에 대한 입장; 유물론 비판; 지상천국론,,,,,,,,,,,,,,,,
이신열(고신대학교),ART002337172,칼빈의 자연과학 이해,201802,한국개혁신학,,,,,,등재,,57(),pp.40~71,,,,존 칼빈; 자연과학; 하나님의 피조물서의 자연; 적응이론; 천문학; 점성술,,,,,,,,,,,,,,,,
김상엽(백석대학교 기독교전문대학원),ART002360747,벤자민 워필드의 성경관과 과학관의 관계성에 대한 고찰: 인간의 기원 문제를 중심으로,201806,조직신학연구,,,,,,등재후보,,28(),pp.118~149,,,,벤자민 워필드; 성경론; 개혁주의; 무오성; 과학; 인간의 기원; 인간의 단일성; 인간의 고대성,http://www.stkets.com/sh_page/page31.php,10.31777/sst.28..201806.004,,,,,,,,,,,,,,
김효숙(장로회신학대학교),ART002388235,4차 산업혁명 시대의 교육목회,201809,기독교교육정보,,,,,,등재,,-58,pp.113~138,,,,4차 산업혁명; 교육목회; 과학기술; 랭던 위너; 교회; 커리큘럼; 마리아 해리스,,,,,,,,,,,,,,,,
김선일(웨스트민스터신학대학원대학교),ART002406667,과학혁명 시대와 복음의 소통 가능성: 유발 하라리의 종교 전망에 대한 대응,201811,신학과 실천,,,,,,등재,,-62,pp.477~504,,,,유발 하라리; 과학혁명; 4차산업혁명; 기독교 변증; 복음전도,,http://dx.doi.org/10.14387/jkspth.2018.62.477,,,,,,,,,,,,,,
이정순(백석대학교),ART001979086,한국전쟁 이후 선교사 괴테 박사(Dr. Robert L. Goette; 한국명 계의돈)의 사역과 삶(1960-1987)에 대한 고찰,201503,복음과 선교,,,,,,등재,,29(1),pp.189~232,,,,괴테 박사; 한남대학교; 화학; 성경과 과학; 창조론; 기독교 지도자 양성,,,,,,,,,,,,,,,,
김성수(투명사회협약실천협의회),ART001162416,한국기독교사에서 퀘이커주의와 함석헌의 위치,200509,한국기독교와 역사,,,,,,등재,,-23,pp.163~194,,,,내면의 빛; 기독교; 종교; 성속; 평등; 과학; 민족과 국가; 퀘이커; 역사; 세계평화.,,,,,,,,,,,,,,,,
전철(한신대학교),ART002796134,질병과 그리스도교 – 질병의 종교적 의미에 대한 연구 –,202112,신학연구,,,,,,등재,,58(2),pp.131~149,,,,질병; 문명; 종교; 생명; 고통; 감염병; 종교적 해석; 종교와 과학; 종교개혁; 신앙의 감각,,10.46334/TS.2021.12.79.131,,,,,,,,,,,,,,
홍정미(연세대학교 상담코칭지원센터),ART002404408,과학영재고등학생 어머니의 모성경험에 대한 내러티브 탐구: 분리개별화와 이중적 동일시를 중심으로,201811,한국기독교상담학회지,,,,,,등재,,29(4),pp.215~247,,,,과학고등학생 어머니; 분리개별화; 이중적 동일시; 세대 전수; 기독(목회) 상담적 돌봄,http://www.kaccp.org/user/dft060pm/view.asp,10.23909/KJCC.2018.11.29.4.215,,,,,,,,,,,,,,
백은미(이화여자대학교),ART002005532,소피아 파스의 교육신학을 통해 본 한국 기독교교육의 과제,201506,기독교교육 논총,,,,,,등재,,-42,pp.169~199,,,,소피아 파스; 진보주의 종교교육; 과학적 우주론; 성서비평학; 사회 복음; 종교다원주의,http://www.kscre.org/core/?page_id=89&uid=657&mod=document,10.17968/jcek.2015..42.007,,,,,,,,,,,,,,
주연수(부산장신대학교),ART002479303,영‧유아기 영성함양을 위한 기독교적 형성교육,201906,기독교교육 논총,,,,,,등재,,-58,pp.243~283,,,,통전적 영성; 기독교영성형성교육; 뇌과학; 교차학제적 대화; 초월적; 관계적; 정서적,,10.17968/jcek.2019..58.008,,,,,,,,,,,,,,
설충수(숭실대학교),ART002619605,존 프라이어(John Fryer) 연구: “그는 선교사인가 과학 전파자인가?”,202009,한국교회사학회지,,,,,,등재,,-56,pp.159~193,,,,존 프라이어; 선교사; 과학 전파자; 강남제조국; 『격치휘편』; 격치서원,,https://doi.org/10.22254/kchs.2020.56.05,,,,,,,,,,,,,,
박은호(총신대학교),ART002888148,현대사회 변화에 따른 성경적 상담의 방법:성경의 가르침을 중심으로,202210,성경과 신학,,,,,,등재,,103(),pp.67~102,,,,성경적 상담; 하나님의 통치; 자아 숭배; 마음의 변화; 과학과 기술 혁 명; 긍정적 사고,,https://doi.org/10.17156/BT.103.03,,,,,,,,,,,,,,
전철(한신대학교),ART002417265,신의 지능과 사물의 지능 - 지능의 본성에 대한 신학적 연구,201812,신학사상,,,,,,등재,,-183,pp.79~109,,,,자연신학; 자연의 신학; 지능; 인공지능; 인공물; 인간; 영성; 종교와 과학; 포스트휴먼,,10.35858/sinhak.2018..183.003,,,,,,,,,,,,,,
안택윤(서울장신대학교),ART001722567,토마스 쿤의 “과학혁명론”으로 보는 기독교신학 이해: 쿤의 패러다임 변혁론에서의 “공약불가능성”과 연속성의 논지를 중심으로,201212,신학논단,,,,,,등재,,70(),pp.103~134,,,,과학혁명; 패러다임 변혁; 기독교 신학; 공약불가능성; 상대주의; 합리주의,,,,,,,,,,,,,,,,
이희철(서울신학대학교),ART002775104,트라우마 집단상담을 위한 목회상담적 제안,202111,목회와상담,,,,,,등재,,37(),pp.109~134,,,,목회상담; 트라우마; 집단상담; 목회신학; 기억; 신체심리치료; 이야기; 신경과학,,10.23905/kspcc.37..202111.004,,,,,,,,,,,,,,
김성실(신라대학교),ART001788384,파커 팔머의 진리공동체의 교육적 적용,201306,기독교교육정보,,,,,,등재,,-37,pp.203~243,,,,파커 팔머; 과학주의; 세속주의; 진리 공동체; 영적 공동체; 듣기; 실재; 관계; 지식론; 인식론,,,,,,,,,,,,,,,,
김선아(강남대학교),ART002388707,우주적 사랑의 보편성과 인격성에 기초한 통전적 영성적 기독교교육 연구 -Teilhard de Chardin의 과학적 통찰을 중심으로,201809,기독교교육 논총,,,,,,등재,,-55,pp.131~163,,,,떼이야르의 과학적 통찰; 우주 진화; 오메가 포인트; 우주적 사랑; 통전적 ․ 영성적 기독교교육,,10.17968/jcek.2018..55.004,,,,,,,,,,,,,,
김주한(한신대학교),ART002117706,조나단 에드워즈의 자연과학 이해 - 퓨리터니즘과 과학,201606,신학연구,,,,,,등재,,53(1),pp.61~84,,,,조나단 에드워즈; 존 로크; 뉴톤; 형이상학; 청교도; 퓨리터니즘; 과학; 뉴잉글랜드,,,,,,,,,,,,,,,,
김희헌(성공회대학교),ART002208793,다석 유영모의 자연주의적 유신론에 대한 소고(小考) : 과정 범재신론 및 심층 범신론과의 대화,201703,신학논단,,,,,,등재,,87(),pp.93~117,,,,자연주의적 유신론; 다석 유영모의 사상; 유신론; 과정 범재신론; 심층 범신론; 종교와 과학.,,,,,,,,,,,,,,,,
김영호(21세기 과학신학연구소),ART002859878,기독교와 자연과학의 대화(I): 교회학교 교육 컨텐츠를 위한 기독교 관점에서 본 양자론적 빅뱅 우주론에 대한 고찰,202206,기독교교육정보,,,,,,등재,,-73,pp.67~100,,,,기독교; 자연과학; 대화; 교회학교 교육 컨텐츠; 양자론적 빅뱅 우주론; 연속창조; 씨앗 원리,,,,,,,,,,,,,,,,
이민규(한국성서대학교),ART001050586,사도바울의 세 번째 하늘 체험－신비주의 종교체험의 관점에서 본 고린도후서 12:1-4,200703,신약논단,,,,,,등재후보,,14(1),pp.65~98,,,,바울; 세 번째 하늘; 종교체험; 무아경; 신경과학(Paul; third heaven; religious experience; ecstasy; psychiatry),,,,,,,,,,,,,,,,
전철(한신대학교),ART002237374,자연의 신학'의 현대성 연구 - 인간과 자연의 미래를 위한 '자연의 신학'의 재구성-,201706,신학연구,,,,,,등재,,54(1),pp.45~74,,,,자연신학; 자연의 신학; 창조; 피조물; 자연; 종교와 과학; 신학의 현대성; 인간과 자연의 미래; 포스트휴먼,,10.46334/TS.2017.06.70.45,,,,,,,,,,,,,,
손문(연세대학교),ART002039610,과학적 사실과 기독교교육의 상상력을 연계하는 창조적-융합 교육 모형의 예비적 고찰,201509,기독교교육정보,,,,,,등재,,-46,pp.101~129,,,,과학적 사실; 기독교교육; 상상력; 창조적-융합 교육모형; 창조론; 빅뱅이론; 놀라운 새로움; 적합성,,,,,,,,,,,,,,,,
이용주(숭실대학교),ART001611503,Wolfhart Pannenberg의 삼위일체신학적 창조론,201112,한국조직신학논총,,,,,,등재후보,,-31,pp.351~393,,,,판넨베르크; 삼위일체신학; 창조론; 신학과 자연과학의 대화; 우발성; 자연법칙; 장이론,,,,,,,,,,,,,,,,
김주한(한신대학교),ART002237375,퓨리터니즘과 유신론적 자연신학 - 비판적 실재론과 대화,201706,신학연구,,,,,,등재,,54(1),pp.75~100,,,,퓨리터니즘; 조나단 에드워즈; 종교와 과학; 비판적 실재론; 뉴잉글랜드; 이어 바버; 존 폴킹혼,,10.46334/TS.2017.06.70.75,,,,,,,,,,,,,,
주연수(부산장신대학교),ART002120972,방관자 중심 집단따돌림 예방교육,201606,기독교교육정보,,,,,,등재,,-49,pp.255~290,,,,집단따돌림 예방교육; 방관자; 집단역동; 뇌과학; 뇌기반 학습원리; 통전적 교육; 협동학습,,,,,,,,,,,,,,,,
고원석(장로회신학대학교),ART001067912,아동들에게 죄와 구원을 어떻게 가르칠 것인가?-신학적 의미와 경험적 관찰간의 비판적 대화-,200706,기독교교육 논총,,,,,,등재후보,,-15,pp.131~169,,,,"종교교수학; 성서교수학; 죄와 구원; 십자가 교육; 어린이신학;
신학과 경험과학; 신학과 기독교교육",,,,,,,,,,,,,,,,
김성원(나사렛대학교),ART002360746,유발 하라리의 호모 데우스론에 관한 분석비평 연구,201806,조직신학연구,,,,,,등재후보,,28(),pp.42~76,,,,4차산업혁명과 기독교; 유발 하라리; 호모 데우스; 현대무신론; 과학과 종교; 데이터이즘,http://210.101.116.36/journalSearch/ISS_Detail.asp?key=3615968&tname=kiss2002&code=,10.31777/sst.28..201806.002,,,,,,,,,,,,,,
박화경(한일장신대학교),ART002456126,과학과 세속화 시대에 직면한 신앙교육의 위기와 과제,201903,기독교교육정보,,,,,,등재,,-60,pp.1~35,,,,신앙과 신앙교육; 세속화; 과학시대의 신앙교육; 기독교세계관교육; 논리적 체계; 가치관교육,,,,,,,,,,,,,,,,
조현철(서강대학교),ART001643172,자연을 어떻게 볼 것인가: “4대강 살리기 사업”에 부치는 신학적 성찰,201203,신학사상,,,,,,등재,,-156,pp.85~122,,,,4대강 사업; 기계론적 세계관; 인간중심의 도구적 관점; 과학적 낙관주의; 하느님 중심의 세계관,,,,,,,,,,,,,,,,
고훈(Fuller Theological Seminary),ART002701061,한국 교회사의 역사관 ― 공헌과 한계 그리고 발전 방안 모색,202103,신학사상,,,,,,등재,,-192,pp.423~453,,,,한국 교회사; 역사란 무엇인가?; 코로나19; 과학사/생태 환경사; 탈진실 시대; 빅 히스토리,,10.35858/sinhak.2021..192.015,,,,,,,,,,,,,,
김흡영(강남대학교),ART001135225,"아시아 기독교적 시각에서 본 종교와 과학 간의 대화: 신학, 동양종교, 자연과학의 삼중적 대화에 대한 제안",200612,신학사상,,,,,,등재,,-135,pp.125~150,,,,겸허의 방법론; 기독교의 제삼시대; 삼중적 대화; 아시아 기독교; 종교 간의 대화; 종교와 과학 간의 대화,,,,,,,,,,,,,,,,
문우일(서울신학대학교),ART001943966,A. B. 심프슨과 아시아 선교,201412,한국교회사학회지,,,,,,등재,,-39,pp.211~244,,,,A.B. 심프슨; 사중복음; 아시아 선교; 기독교연합선교회(C&MA); 불교; 신지학; 기독교과학,,,,,,,,,,,,,,,,
전철(한신대학교),ART002727416,"포스트휴먼 사회의 동물권 ― 인간, 동물, 인공지능의 생명 존재론",202106,신학사상,우희종(서울대학교),,,,,등재,,-193,pp.61~85,,,,포스트휴머니즘; 인공지능; 로봇권; 동물; 동물권; 고통; 통증; 생명; 정치철학; 동물 신학; 종교와 과학; 코로나바이러스감염증-19,,,,,,,,,,,,,,,,
박형국(한일장신대학교),ART002571346,판넨베르크의 세계 이해에 대한 소고,202003,신학논단,,,,,,등재,,99(),pp.133~161,,,,볼프하르트 판넨베르크; 통합적 세계 이해; 그리스도교 세계 이해; 자연과학의세계 서술; 로고스와 영; 자연법칙; 힘의 장,,https://doi.org/10.17301/tf.2020.03.99.133,,,,,,,,,,,,,,
한상진(총신대학교),ART001384123,현대 교회교육의 과제 -칼빈의 교육사상을 중심으로-,200909,개혁논총,,,,,,등재후보,,11(),pp.395~432,,,,포스트모던 사상; 생명과학기술; 그리스도의 절대주권; 칼빈의 교육사상; 칼빈의 교회교육; 하나님의 교육의 도구로서의 교회,,,,,,,,,,,,,,,,
이진구(호남신학대학교),ART000962990,종교와 과학의 관계에 대한 한국 개신교의 이해 : 일제 강점기를 중심으로,200503,한국기독교와 역사,,,,,,등재,,-22,pp.45~72,,,,합리주의; 사회주의; 문명개화론; 종교; 과학; 신학적 자유주의; 신학적 근본주의; 두 책 이론; 두 언어 이론; 초자연/자연,,,,,,,,,,,,,,,,
이경호(감리교신학대학교),ART002572838,화이트헤드주의 진화 신학 소고 - 존 호트(John F. Haught)의 진화 신학,202003,신학사상,,,,,,등재,,-188,pp.355~387,,,,신; 우연; 무작위성; 진화; 찰스 다윈; 목적인; 작용인; 계속적 창조; 종교; 과학; 창조성; 진화 생물학; 유물론; 화이트헤드; 최초의 지향; 우주; 새로움,,10.35858/sinhak.2020..188.012,,,,,,,,,,,,,,
류대영(한동대),ART000998761,20세기 미국 종교지형과 기독교 역사학의 변화 : 통사를 중심으로,200603,한국기독교와 역사,,,,,,등재,,-24,pp.241~267,,,,미국 종교사; 미국 교회사; 통사; 과학적 역사학; 객관적 역사; 근대적 역사학; 현대적 역사학; 여성주의; 종교다원주의; 한국 기독교 역사학,,,,,,,,,,,,,,,,
원신애(웨스트민스터신학대학원대학교),ART001630822,포스트모던 미디어 교육과 ‘기독교교육’의 조우에 대한 연구 －애니메이션 「토이 스토리」(Toy Story)의 스토리텔링을 중심으로－,201201,기독교교육 논총,,,,,,등재,,-29,pp.293~319,,,,4G(LTE: 4세대 통신세대); 디지털 시대; 사이버 가족; 사회문화적 구성주의; 스토리텔링;시각화; 애니메이션; 인지과학; 토이 스토리; 포스트모던 미디어 리터러시 교육,,,,,,,,,,,,,,,,
정승우(연세대학교),ART001480860,최근의 로마서 기독론 연구동향,201009,신학논단,,,,,,등재후보,,61(),pp.143~167,,,,바울의 기독론; 칭의론; 사회과학적 모델; 상징적 우주; 혼함 모델; 유기적 모델;목회 설교 모델; 그레코-로만 사회; 로마제국; 미시 사회적 수준; 중간 범위; 거시사회적 수준,,,,,,,,,,,,,,,,